{"cameraMode":{"drawMode":0,"name":"Shaded","section":"Shading Mode"},"sceneLighting":false,"audioPlay":false,"sceneViewState":{"showFog":true,"showMaterialUpdate":false,"showSkybox":false,"showFlares":true,"showImageEffects":true,"showParticleSystems":true,"showVisualEffectGraphs":true},"in2DMode":false,"pivot":{"x":1.9696197509765626,"y":3.932424545288086,"z":-2.845059394836426},"rotation":{"x":0.03586865961551666,"y":0.9405741095542908,"z":-0.3209194540977478,"w":0.10512027889490128},"size":11.761850357055664,"orthographic":false}